,Job Tags Broad,id
0,Education / Development,622008119cedee53316e89a5
1,Education / Development,621ec40f51220c43431eeed7
2,Computing / ICT,620d0da7b9219703c3688191
3,Computing / ICT,622065bb4819a01f9465c9d2
4,Environment,621e348d66d23227e043ce9d
5,Arts / Design / Creative,621defd9ab4080579f291689
6,Logistics / Manufacturing,621ff28058c8c930785d402a
7,Social Service,62275a7e1286cb559228975a
8,Management / Consulting,621ec5720d745565821543dd
9,Arts / Design / Creative,62281e686cc9f54293341b14
10,Arts / Design / Creative,62281fa541439b11ff5ba586
11,Public Service,62208ffc37578639395fe44a
12,Finance,6213920c8a88f6578c2f5e59
13,Computing / ICT,62243de286c01c0e7e5d6065
14,Arts / Design / Creative,621f27b730f89b300363acd0
15,Management / Consulting,624603c323b04a06aa717bc3
16,Arts / Design / Creative,62413a59906a393af46fb29c
17,Public Service,6244fa4d4b713b73ad12f8ed
18,Arts / Design / Creative,621f39f1ace97530c124aa83
19,Education / Development,621759351eff9c1f7220b6d1
20,Arts / Design / Creative,621e0b4966d23227e043cc4c
21,Finance,620ccb58d2938210ee2dafa9
22,Arts / Design / Creative,621fb039bb11aa5b321a9104
23,Arts / Design / Creative,621f43c1ace97530c124ab60
24,Public Service,621e546d13204348a4035494
25,Arts / Design / Creative,622770b76c6cd73afa3f5268
26,Education / Development,6236b5338e6e68605a78e6bf
27,Public Service,62419ac5b5c0dd4734624adf
28,Social Service,6221b7d27e17fd14442b63a9
29,Public Service,621f650a30f89b300363b169
30,Arts / Design / Creative,621dbefe4bfec7653747680a
31,Social Service,621dcb7a4bfec765374768a0
32,Management / Consulting,6221d1d67e17fd14442b64cc
33,Management / Consulting,621e282efd59823e9276c001
34,Education / Development,621def690cd62d17365b1f8c
35,Arts / Design / Creative,621e3dbd13204348a40352fe
36,Education / Development,62206160351b8e03475e8dd6
37,Computing / ICT,621e2690ba31130e5a2b1c49
38,Social Service,621e323f13204348a4035266
39,Management / Consulting,621ed62b0d7455658215440b
40,Education / Development,621d77f113204348a4034a1f
41,Arts / Design / Creative,6245971cc41eb53849419b14
42,Education / Development,621e1e59ab4080579f291975
43,Social Service,621dbd4f9d71bc717d685631
44,Arts / Design / Creative,6243e50c2dbb9918025ae840
45,Management / Consulting,621ec05837900d62331e7bbe
46,Environment,6220aa06415f3d624a604c2a
47,Arts / Design / Creative,624589edf825cb29f23f77a0
48,Arts / Design / Creative,62457b6c0fa4945b495b55d3
49,Arts / Design / Creative,6243ce06d643a16d08652fe6
50,Public Service,624534a470373b1cf7425158
51,Computing / ICT,620f1ca9eb8749722c63dfd9
52,Education / Development,621f50a5e3bb7a50bc6bb0d2
53,Education / Development,621df4b21b58867b234d14c1
54,Social Service,62206cf919e6833fd2379e60
55,Healthcare,621f7f7aace97530c124afbe
56,Finance,620d0541c1d07627395162d5
57,Arts / Design / Creative,621e284db165110a797a98f4
58,Logistics / Manufacturing,621dca46ab4080579f291484
59,Environment,621f14b694a00119fe00330f
60,Arts / Design / Creative,6229f65b63cf0435c652db6b
61,Education / Development,622011a1e394e162c948e264
62,Management / Consulting,6221b29c1f869e145e05bcff
63,Arts / Design / Creative,621e0f3d2f5edc45f8252eba
64,Education / Development,621e272266d23227e043cd9d
65,Arts / Design / Creative,621e0c211b58867b234d1651
66,Logistics / Manufacturing,621f90b537900d62331e86f5
67,Public Service,621e0091dd1dc1303704fec2
68,Arts / Design / Creative,62280f8d4ea80d52d244ac9c
69,Education / Development,621e1b1d1b58867b234d1715
70,Arts / Design / Creative,621e24c84bfec76537476dc5
71,Education / Development,621e32c7566e066e9b4bde61
72,Healthcare,62455a930fa4945b495b54a4
73,Environment,6243de484ac6503df90d0654
74,Logistics / Manufacturing,62259d6befe6c84f492d2ff1
75,Arts / Design / Creative,621e4055ab4080579f291b7b
76,Arts / Design / Creative,6230714ae42f516426244eb5
77,Public Service,621ec66dca87e20dfe16e4ed
78,Finance,6216755550eb760add69cf6e
79,Social Service,621e21d1ba31130e5a2b1c13
80,Arts / Design / Creative,6220b545c74b0f467231cd50
81,Education / Development,621e28f7fd59823e9276c011
82,Healthcare,6229c45164dfc519d26836d0
83,Education / Development,621e2cfe1b58867b234d1814
84,Arts / Design / Creative,62159c92a3f537137d343e85
85,Arts / Design / Creative,622742661704b13ff64b057c
86,Finance,621ed8ee55e1460f833ec261
87,Environment,621ecaf7bb11aa5b321a837b
88,Finance,621e0738a4b99c02db07393e
89,Education / Development,621e4089dd1dc1303705025d
90,Arts / Design / Creative,621ea911566e066e9b4be4d6
91,Computing / ICT,62217153b3309273de44dc59
92,Finance,621e04eb4bfec76537476c40
93,Public Service,6241892a313b91718b6e8569
94,Environment,621f841794a00119fe003b80
